{"cameraMode":{"drawMode":0,"name":"Shaded","section":"Shading Mode"},"sceneLighting":true,"audioPlay":false,"sceneViewState":{"showFog":true,"showMaterialUpdate":false,"showSkybox":true,"showFlares":true,"showImageEffects":true,"showParticleSystems":true,"showVisualEffectGraphs":true,"m_FxEnabled":true},"in2DMode":false,"pivot":{"x":-12.184754371643067,"y":1.3494033813476563,"z":4.087466716766357},"rotation":{"x":0.17247897386550904,"y":-0.025111055001616479,"z":0.00441436842083931,"w":0.9847195744514465},"size":2.7339744567871095,"orthographic":false}