{"cameraMode":{"drawMode":0,"name":"Shaded","section":"Shading Mode"},"sceneLighting":true,"audioPlay":false,"sceneViewState":{"showFog":true,"showMaterialUpdate":false,"showSkybox":true,"showFlares":true,"showImageEffects":true,"showParticleSystems":true,"showVisualEffectGraphs":true,"m_FxEnabled":true},"in2DMode":false,"pivot":{"x":1.283929705619812,"y":-4.369071960449219,"z":17.753074645996095},"rotation":{"x":0.0001630532933631912,"y":-0.8179910182952881,"z":0.5752447843551636,"w":0.0002476490044500679},"size":20.04507827758789,"orthographic":false}