{"cameraMode":{"drawMode":0,"name":"Shaded","section":"Shading Mode"},"sceneLighting":true,"audioPlay":false,"sceneViewState":{"showFog":true,"showMaterialUpdate":false,"showSkybox":true,"showFlares":true,"showImageEffects":true,"showParticleSystems":true,"showVisualEffectGraphs":true,"m_FxEnabled":true},"in2DMode":false,"pivot":{"x":-0.18448054790496827,"y":0.4442472755908966,"z":0.22755180299282075},"rotation":{"x":0.19808663427829743,"y":0.6778626441955566,"z":-0.19749397039413453,"w":0.6798986196517944},"size":0.40887224674224856,"orthographic":false}